Seccion,Producto,Precio,Descripcion,Estado,Foto
Desayunos,Combo 1,11000,"Huevos, chocolate, pan y queso.",,
Desayunos,Combo 2,13300,"Tamal, jugo de naranja y pan.",,
Desayunos,Combo 3 — Caldo de costilla,14000,"Caldo de costilla, chocolate, pan y queso.",,
Desayunos,Combo 3 — Caldo de pescado,15000,"Caldo de pescado, chocolate, pan y queso.",,
Desayunos,Combo 4,14300,"Changua, chocolate, pan y queso.",,
Desayunos,Combo 5,14200,"Huevos con arroz, chocolate, pan y queso.",,
Desayunos,Combo 6,13800,"Fruta, jugo natural, queso campesino y pan integral.",,
Desayunos,Combo 7,16500,Calentado con carne y jugo al gusto.,,
Desayunos,Combo 8,16000,"Huevos rancheros, chocolate y pan.",,
Desayunos,Combo 9,17500,Moñona y jugo al gusto.,,
Desayunos,Combo 10,16500,"Omelette, jugo natural y pan.",,
Panadería,Pandebono,3500,Recién salido del horno.,,
Panadería,Almojábana,4200,Con queso costeño.,,
Panadería,Pan de queso,3800,,,
Panadería,Buñuelo,2500,,,
Panadería,Mogolla integral,2800,,,
Panadería,Roscón con arequipe,5500,Relleno generoso.,,
Panadería,Croissant,4500,Hojaldre crujiente.,,
Panadería,Croissant de jamón y queso,6500,,,
Panadería,Palito de queso,4200,,,
Panadería,Pastel de pollo,6500,,,
Panadería,Pastel de carne,6500,,,
Panadería,Mantecada,3500,,,
Bebidas calientes,Tinto,2500,Café negro de la casa.,,
Bebidas calientes,Tinto campesino,3000,Con panela.,,
Bebidas calientes,Café en leche,4500,El clásico perico.,,
Bebidas calientes,Café americano,4800,,,
Bebidas calientes,Capuchino,6500,,,
Bebidas calientes,Café latte,6800,,,
Bebidas calientes,Chocolate santafereño,6000,"Espumoso, batido a mano.",,
Bebidas calientes,Chocolate con queso,7500,Con porción de queso campesino.,,
Bebidas calientes,Aguapanela con limón,3500,,,
Bebidas calientes,Aguapanela con queso,5500,,,
Bebidas calientes,Aromática,3800,Pregunta por las hierbas del día.,,
Bebidas calientes,Milo caliente,5000,,,
Bebidas calientes,Té,3500,,,
Bebidas frías,Jugo natural en agua,6000,Pregunta por la fruta del día.,,
Bebidas frías,Jugo natural en leche,7500,Pregunta por la fruta del día.,,
Bebidas frías,Limonada natural,5500,,,
Bebidas frías,Limonada de coco,8000,,,
Bebidas frías,Avena fría,5000,,,
Bebidas frías,Malteada,9000,,,
Bebidas frías,Yogur con granola,7000,,,
Bebidas frías,Gaseosa,4000,,,
Bebidas frías,Agua,3000,,,
Adicionales,Porción de queso,3000,,,
Adicionales,Huevo adicional,2500,,,
Adicionales,Arepa,2500,,,
Adicionales,Porción de arequipe,2500,,,
Adicionales,Mantequilla,1500,,,
Adicionales,Mermelada,1500,,,
